Filename,Nucleus_ID,Condition,Area_um2,Equivalent_diameter_um,Perimeter_um,Eccentricity,Solidity,Orientation_rad,DAPI_mean_intensity,DAPI_integrated_intensity,Actin_mean_intensity,Centroid_y_px,Centroid_x_px
MAX_Blebbi-Airyscan Processing-02.czi - Blebbi-Airyscan Processing-02.czi #1.tif,MAX_Blebbi-Airyscan Processing-02.czi - Blebbi-Airyscan Processing-02.czi #1_nucleus_0001,Blebbi,139.2911189780864,13.317318082606201,44.3218142963839,0.4350677674377881,0.991743517937328,-0.27341783879149845,2655.152099609375,54536824.12597656,708.5193481445312,324.5349074975657,472.5033592989289
MAX_Blebbi-Airyscan Processing-02.czi - Blebbi-Airyscan Processing-02.czi #2.tif,MAX_Blebbi-Airyscan Processing-02.czi - Blebbi-Airyscan Processing-02.czi #2_nucleus_0001,Blebbi,151.5791183738163,13.892319016983276,48.18982135049588,0.6121934491700949,0.9745378444366934,-1.1820876003449907,2948.91845703125,65914225.3515625,1440.4442138671875,328.6621331424481,474.0545365068003
MAX_Blebbi-Airyscan Processing-02.czi - Blebbi-Airyscan Processing-02.czi #3.tif,MAX_Blebbi-Airyscan Processing-02.czi - Blebbi-Airyscan Processing-02.czi #3_nucleus_0001,Blebbi,162.57185955509564,14.387248536349082,47.69915201048788,0.36792311229403435,0.9918083653965496,0.2173880352354674,4306.78369140625,103246525.43408203,4424.0966796875,355.6314186793476,457.00692445668045
MAX_Blebbi-Airyscan Processing-02.czi - Blebbi-Airyscan Processing-02.czi #4.tif,MAX_Blebbi-Airyscan Processing-02.czi - Blebbi-Airyscan Processing-02.czi #4_nucleus_0001,Blebbi,191.90165943728763,15.631275747547107,51.95307329519187,0.5236868785924378,0.9932607932607933,0.43530167065133735,3629.44775390625,102706112.54003906,2032.3787841796875,268.44586189836735,348.91865149480526
MAX_Blebbi-Airyscan Processing-02.czi - Blebbi-Airyscan Processing-02.czi #5.tif,MAX_Blebbi-Airyscan Processing-02.czi - Blebbi-Airyscan Processing-02.czi #5_nucleus_0001,Blebbi,126.33853683358078,12.683028862243237,43.9124904422719,0.6900937101527533,0.9764150943396226,-1.2228846322206746,2987.5361328125,55657798.154296875,2001.7279052734375,207.6998389694042,348.1243156199678
MAX_Blebbi-Airyscan Processing-02.czi - Blebbi-Airyscan Processing-02.czi #5.tif,MAX_Blebbi-Airyscan Processing-02.czi - Blebbi-Airyscan Processing-02.czi #5_nucleus_0002,Blebbi,131.58060280096447,12.94347815721409,44.654640956375886,0.7364322894840774,0.9802960642651443,-1.1614946386089928,2932.1162109375,56891850.84082031,1713.5146484375,412.685873318559,419.7256094418389
MAX_Blebbi-Airyscan Processing-02.czi - Blebbi-Airyscan Processing-02.czi #6.tif,MAX_Blebbi-Airyscan Processing-02.czi - Blebbi-Airyscan Processing-02.czi #6_nucleus_0001,Blebbi,125.78923884734782,12.65542702569059,41.84304974461588,0.3118469025723974,0.9903892359442575,-0.8389929183096771,2910.16064453125,53980569.795410156,3118.88671875,339.5951803331716,526.3171599547145
MAX_Blebbi-Airyscan Processing-02.czi - Blebbi-Airyscan Processing-02.czi #6.tif,MAX_Blebbi-Airyscan Processing-02.czi - Blebbi-Airyscan Processing-02.czi #6_nucleus_0002,Blebbi,118.7907756153427,12.298337817087958,41.0809178669839,0.4211325170426851,0.9862620347953381,-1.0641782113948848,2718.5185546875,47620289.52246094,1397.754150390625,407.76679796768855,300.78934749100875
MAX_Blebbi-Airyscan Processing-02.czi - Blebbi-Airyscan Processing-02.czi #7.tif,MAX_Blebbi-Airyscan Processing-02.czi - Blebbi-Airyscan Processing-02.czi #7_nucleus_0001,Blebbi,170.682481672807,14.741766693966925,49.70380032578388,0.3773146277440625,0.9859756336428096,1.0264223579686154,4104.373046875,103302965.21679688,1486.36767578125,324.2861456553697,326.6716993126465
MAX_Blebbi-Airyscan Processing-02.czi - Blebbi-Airyscan Processing-02.czi #8-1.tif,MAX_Blebbi-Airyscan Processing-02.czi - Blebbi-Airyscan Processing-02.czi #8-1_nucleus_0001,Blebbi,242.74902117524732,17.580604460770918,58.82078038458385,0.5696873063116803,0.9936433032616239,-1.309544128889012,3443.885986328125,123277342.76660156,4855.62109375,238.51424740194435,426.11543189183146
MAX_CK666-Airyscan Processing-10.czi - CK666-Airyscan Processing-10.czi #01.tif,MAX_CK666-Airyscan Processing-10.czi - CK666-Airyscan Processing-10.czi #01_nucleus_0001,CK666,165.0199653949734,14.495169733801266,48.21323097401587,0.5948325598197005,0.9928597658003182,-0.5541660006993068,5313.59912109375,129301121.01269531,1320.6719970703125,333.3613051697214,495.64025643133067
MAX_CK666-Airyscan Processing-10.czi - CK666-Airyscan Processing-10.czi #01.tif,MAX_CK666-Airyscan Processing-10.czi - CK666-Airyscan Processing-10.czi #01_nucleus_0002,CK666,23.796131280141434,5.504377835649135,20.09046233643195,0.4178470747277591,0.9357333333333333,-1.532948994988655,1549.0738525390625,5435700.14855957,12.639498710632324,617.7657452265603,785.0119692220005
MAX_CK666-Airyscan Processing-10.czi - CK666-Airyscan Processing-10.czi #02.tif,MAX_CK666-Airyscan Processing-10.czi - CK666-Airyscan Processing-10.czi #02_nucleus_0001,CK666,165.20306472371774,14.503209124799932,48.905133981087886,0.605822138365471,0.9889980513153621,-0.7461876971013007,4607.21826171875,112236444.07373047,1560.20166015625,329.400640367801,449.3494930421575
MAX_CK666-Airyscan Processing-10.czi - CK666-Airyscan Processing-10.czi #03.tif,MAX_CK666-Airyscan Processing-10.czi - CK666-Airyscan Processing-10.czi #03_nucleus_0001,CK666,173.32724975466942,14.85554134213335,50.462503943423876,0.7209742975857621,0.989355113416428,-0.28669293590958256,5290.8046875,135227677.0078125,1795.3658447265625,327.3635509996479,451.39598575844127
MAX_CK666-Airyscan Processing-10.czi - CK666-Airyscan Processing-10.czi #04.tif,MAX_CK666-Airyscan Processing-10.czi - CK666-Airyscan Processing-10.czi #04_nucleus_0001,CK666,216.19961850732093,16.591380407915945,56.36542545633583,0.5077484711004558,0.9903392147117296,1.2307362863833122,4164.0078125,132752733.0703125,4460.7451171875,384.5965935823845,569.5873717888397
MAX_CK666-Airyscan Processing-10.czi - CK666-Airyscan Processing-10.czi #05.tif,MAX_CK666-Airyscan Processing-10.czi - CK666-Airyscan Processing-10.czi #05_nucleus_0001,CK666,197.1505068612915,15.843605069565998,54.08103805164785,0.7119053905583391,0.9892136513661574,0.6077510580364904,4750.5869140625,138109062.765625,1392.6259765625,266.62317694001104,242.5345693450743
MAX_CK666-Airyscan Processing-10.czi - CK666-Airyscan Processing-10.czi #06.tif,MAX_CK666-Airyscan Processing-10.czi - CK666-Airyscan Processing-10.czi #06_nucleus_0001,CK666,192.0983216792723,15.639283220125707,57.783757709335895,0.8998975055796282,0.9877950971161558,1.4979465536714283,4767.24462890625,135041738.60302734,2151.439208984375,359.55865428742896,401.3277085466163
MAX_CK666-Airyscan Processing-10.czi - CK666-Airyscan Processing-10.czi #07.tif,MAX_CK666-Airyscan Processing-10.czi - CK666-Airyscan Processing-10.czi #07_nucleus_0001,CK666,158.20460149171262,14.192686665262361,50.04975182931989,0.8357175456966862,0.9896071943666751,-1.2766168139287728,6262.609375,146100414.109375,2889.282470703125,323.71250375069656,404.28509580350635
MAX_CK666-Airyscan Processing-10.czi - CK666-Airyscan Processing-10.czi #08.tif,MAX_CK666-Airyscan Processing-10.czi - CK666-Airyscan Processing-10.czi #08_nucleus_0001,CK666,142.43093339322044,13.466577025725146,45.97365458815991,0.6995618294663292,0.9874471086036671,1.5138114492750585,4926.23583984375,103465731.34423828,1902.187744140625,332.12845783935626,499.68756844260344
MAX_CK666-Airyscan Processing-10.czi - CK666-Airyscan Processing-10.czi #09.tif,MAX_CK666-Airyscan Processing-10.czi - CK666-Airyscan Processing-10.czi #09_nucleus_0001,CK666,192.56624218606333,15.658319020008001,52.913010579895875,0.6012066234754223,0.9897525270128965,-1.4872336887093385,5014.75146484375,142398882.59570312,3635.819091796875,322.5720171855191,423.54180166220596
MAX_CK666-Airyscan Processing-10.czi - CK666-Airyscan Processing-10.czi #10.tif,MAX_CK666-Airyscan Processing-10.czi - CK666-Airyscan Processing-10.czi #10_nucleus_0001,CK666,138.50447001014783,13.279659948187891,45.642836156375886,0.721977028638655,0.9805559556387728,-0.5136661539814609,3124.313232421875,63810973.458984375,2377.30712890625,326.1491382687035,289.56516842929886
MAX_CK666-Airyscan Processing-10.czi - CK666-Airyscan Processing-10.czi #10.tif,MAX_CK666-Airyscan Processing-10.czi - CK666-Airyscan Processing-10.czi #10_nucleus_0002,CK666,146.7100325205414,13.667370449890319,48.34624399872788,0.8220686523023221,0.9894804244420051,-0.2190432836468957,3099.641845703125,67057651.689941406,1348.3221435546875,403.95835259314043,551.2602385134511
MAX_CytoD-Airyscan Processing-08.czi - CytoD-Airyscan Processing-08.czi #01.tif,MAX_CytoD-Airyscan Processing-08.czi - CytoD-Airyscan Processing-08.czi #01_nucleus_0001,CytoD,156.2244161586259,14.10358481047728,51.397611572823855,0.8598726032093112,0.9800059556727784,-0.96860634474316,3286.086669921875,75701578.61499023,4782.6396484375,130.803142770326,282.01640838650866
MAX_CytoD-Airyscan Processing-08.czi - CytoD-Airyscan Processing-08.czi #01.tif,MAX_CytoD-Airyscan Processing-08.czi - CytoD-Airyscan Processing-08.czi #01_nucleus_0002,CytoD,142.7632247676083,13.482276636682446,46.77574919284788,0.7663884706388026,0.9879857330580064,0.476658290326127,3601.80078125,75825110.046875,4206.15966796875,472.9619038571157,440.2683355500665
MAX_CytoD-Airyscan Processing-08.czi - CytoD-Airyscan Processing-08.czi #02.tif,MAX_CytoD-Airyscan Processing-08.czi - CytoD-Airyscan Processing-08.czi #02_nucleus_0001,CytoD,152.7319659992435,13.945048542596872,48.795530579895875,0.7698532722034193,0.9778993530458947,1.193649815168867,3692.40673828125,83160384.55957031,2564.03369140625,350.9736701891484,468.6400852499778
MAX_CytoD-Airyscan Processing-08.czi - CytoD-Airyscan Processing-08.czi #03.tif,MAX_CytoD-Airyscan Processing-08.czi - CytoD-Airyscan Processing-08.czi #03_nucleus_0001,CytoD,113.49445799499775,12.021049539350338,42.325442532855895,0.6490022142852439,0.9566161760503001,1.2181424831470018,3592.24169921875,60119757.078125,6149.34228515625,254.14716778202677,429.97018403441683
MAX_CytoD-Airyscan Processing-08.czi - CytoD-Airyscan Processing-08.czi #03.tif,MAX_CytoD-Airyscan Processing-08.czi - CytoD-Airyscan Processing-08.czi #03_nucleus_0002,CytoD,108.84916021018815,11.772470224673526,40.734966363447896,0.6304374047708515,0.97967529296875,-0.7458618316634265,3962.509521484375,63602240.3293457,5442.5556640625,413.2827861192449,439.3400411189334
MAX_CytoD-Airyscan Processing-08.czi - CytoD-Airyscan Processing-08.czi #04.tif,MAX_CytoD-Airyscan Processing-08.czi - CytoD-Airyscan Processing-08.czi #04_nucleus_0001,CytoD,9.080370414394238,3.4002186242137373,12.43094542232797,0.5167910134603776,0.923448275862069,-0.20868854779822205,2514.203857421875,3366518.9650878906,15.298730850219727,64.6303211351755,520.1941747572815
MAX_CytoD-Airyscan Processing-08.czi - CytoD-Airyscan Processing-08.czi #04.tif,MAX_CytoD-Airyscan Processing-08.czi - CytoD-Airyscan Processing-08.czi #04_nucleus_0002,CytoD,174.9887066266086,14.926571647872064,50.85184643400787,0.7139173333957577,0.9911273285961206,0.37798218592788196,3339.28076171875,86166800.77539062,6574.04638671875,337.5769260579755,343.61114555882807
MAX_CytoD-Airyscan Processing-08.czi - CytoD-Airyscan Processing-08.czi #05.tif,MAX_CytoD-Airyscan Processing-08.czi - CytoD-Airyscan Processing-08.czi #05_nucleus_0001,CytoD,128.94939763234237,12.813409863704395,43.9407483575679,0.47965638033635183,0.9729826536355728,0.09260670604450001,4134.3603515625,78614862.08496094,1402.98974609375,382.4046805153826,344.8415987378385
MAX_CytoD-Airyscan Processing-08.czi - CytoD-Airyscan Processing-08.czi #06.tif,MAX_CytoD-Airyscan Processing-08.czi - CytoD-Airyscan Processing-08.czi #06_nucleus_0001,CytoD,121.34738476114302,12.429975419447954,42.58319203051191,0.38817953718474274,0.9700222258361794,1.375868126925498,3677.6728515625,65808278.005859375,6445.92333984375,206.97116351849783,420.04800491784954
MAX_CytoD-Airyscan Processing-08.czi - CytoD-Airyscan Processing-08.czi #06.tif,MAX_CytoD-Airyscan Processing-08.czi - CytoD-Airyscan Processing-08.czi #06_nucleus_0002,CytoD,112.55183552479551,11.971025345503932,41.38548661167989,0.4213296797929995,0.9688849970811442,-0.6199075537472899,3777.1689453125,62689672.98535156,6460.18505859375,339.84822558293666,302.3225884195939
MAX_CytoD-Airyscan Processing-08.czi - CytoD-Airyscan Processing-08.czi #07.tif,MAX_CytoD-Airyscan Processing-08.czi - CytoD-Airyscan Processing-08.czi #07_nucleus_0001,CytoD,175.5854748091827,14.952002207335015,52.265918591655854,0.6580282077622549,0.9696651936184556,-1.5424475168190412,4697.02880859375,121615469.91210938,5523.88916015625,302.67727483392554,444.3141897111077
MAX_CytoD-Airyscan Processing-08.czi - CytoD-Airyscan Processing-08.czi #08.tif,MAX_CytoD-Airyscan Processing-08.czi - CytoD-Airyscan Processing-08.czi #08_nucleus_0001,CytoD,158.09609818579005,14.187818862618768,49.74033479284788,0.42530904292289173,0.9640641799685716,-0.5196227385822204,3088.283203125,71997146.31445312,6394.8876953125,296.268862866212,469.0178441213057
MAX_CytoD-Airyscan Processing-08.czi - CytoD-Airyscan Processing-08.czi #09.tif,MAX_CytoD-Airyscan Processing-08.czi - CytoD-Airyscan Processing-08.czi #09_nucleus_0001,CytoD,120.47935831376253,12.385438358386818,41.9443765940399,0.3945813780171107,0.9798687331090398,1.4764725957936031,3596.840576171875,63901469.67626953,4874.328125,274.89710683327706,455.7450185748058
MAX_CytoD-Airyscan Processing-08.czi - CytoD-Airyscan Processing-08.czi #10.tif,MAX_CytoD-Airyscan Processing-08.czi - CytoD-Airyscan Processing-08.czi #10_nucleus_0001,CytoD,153.93906527763198,14.000046621031254,48.12502896813588,0.6698367444731971,0.9776055124892334,0.9414329881312206,3719.87939453125,84441262.25585938,4790.0654296875,328.5366079295154,586.635859030837
MAX_CytoD-Airyscan Processing-08.czi - CytoD-Airyscan Processing-08.czi #10.tif,MAX_CytoD-Airyscan Processing-08.czi - CytoD-Airyscan Processing-08.czi #10_nucleus_0002,CytoD,156.3397009211686,14.108787673818762,47.89068909399985,0.4909174537191829,0.9867739588237812,1.1827669551802562,3705.033447265625,85415841.09326172,4717.47802734375,360.42495879240045,351.4335473236749
MAX_CytoD-Airyscan Processing-08.czi - CytoD-Airyscan Processing-08.czi #11.tif,MAX_CytoD-Airyscan Processing-08.czi - CytoD-Airyscan Processing-08.czi #11_nucleus_0001,CytoD,92.58722723504447,10.857519010024303,36.17304807405592,0.482511637676572,0.9887746234067207,-0.8488917283531606,4114.923828125,56181055.025390625,4921.833984375,261.4640738299275,477.6871017358822
MAX_CytoD-Airyscan Processing-08.czi - CytoD-Airyscan Processing-08.czi #11.tif,MAX_CytoD-Airyscan Processing-08.czi - CytoD-Airyscan Processing-08.czi #11_nucleus_0002,CytoD,98.33112099231998,11.189239103958755,38.95153307874389,0.7312362707797487,0.9749865519096288,-0.559735630614114,4239.4228515625,61471631.34765625,3906.388916015625,345.66075862068965,337.57006896551724
MAX_DMSO_Actin_cells-Airyscan Processing-07.czi - DMSO_Actin_cells-Airyscan Processing-07.czi #1.tif,MAX_DMSO_Actin_cells-Airyscan Processing-07.czi - DMSO_Actin_cells-Airyscan Processing-07.czi #1_nucleus_0002,DMSO,215.53503575854523,16.56586040034405,56.097391178703845,0.705784346229038,0.9932808300518783,0.6541530921038341,4429.544921875,140784226.25195312,1967.8900146484375,362.03624579177546,407.5057420633672
MAX_DMSO_Actin_cells-Airyscan Processing-07.czi - DMSO_Actin_cells-Airyscan Processing-07.czi #2.tif,MAX_DMSO_Actin_cells-Airyscan Processing-07.czi - DMSO_Actin_cells-Airyscan Processing-07.czi #2_nucleus_0001,DMSO,13.176370212970877,4.095934034042174,14.037974695271974,0.5138661271986856,0.9580867850098619,1.547281535430343,1465.566162109375,2847595.0529785156,12.27328872680664,72.92794647452394,25.475553268142047
MAX_DMSO_Actin_cells-Airyscan Processing-07.czi - DMSO_Actin_cells-Airyscan Processing-07.czi #2.tif,MAX_DMSO_Actin_cells-Airyscan Processing-07.czi - DMSO_Actin_cells-Airyscan Processing-07.czi #2_nucleus_0002,DMSO,224.6289690861798,16.91172629667405,57.603093602223844,0.7495766614657754,0.9937597503900156,-0.9036440505467065,4267.16064453125,141345429.18945312,2284.839111328125,312.7486414684217,382.54425793986235
MAX_DMSO_Actin_cells-Airyscan Processing-07.czi - DMSO_Actin_cells-Airyscan Processing-07.czi #3.tif,MAX_DMSO_Actin_cells-Airyscan Processing-07.czi - DMSO_Actin_cells-Airyscan Processing-07.czi #3_nucleus_0002,DMSO,195.9637519527635,15.795847502458706,53.14593042224787,0.46817976043754594,0.9842637692019482,1.5491054260209085,4314.61328125,124679379.98828125,1855.8824462890625,342.39498909921446,347.0451603972731
MAX_DMSO_Actin_cells-Airyscan Processing-07.czi - DMSO_Actin_cells-Airyscan Processing-07.czi #4.tif,MAX_DMSO_Actin_cells-Airyscan Processing-07.czi - DMSO_Actin_cells-Airyscan Processing-07.czi #4_nucleus_0001,DMSO,153.96619110411262,14.001280050981318,47.42969770107187,0.6757532837367148,0.9887209859338937,-0.33175901886963255,4698.77783203125,106681051.8984375,4043.44921875,312.54378083157155,391.8729739252995
MAX_DMSO_Actin_cells-Airyscan Processing-07.czi - DMSO_Actin_cells-Airyscan Processing-07.czi #5.tif,MAX_DMSO_Actin_cells-Airyscan Processing-07.czi - DMSO_Actin_cells-Airyscan Processing-07.czi #5_nucleus_0001,DMSO,111.10060380808126,11.893598371073535,40.160943309335906,0.609640336057805,0.9860960635608523,0.6760370432702576,3778.43994140625,61902181.560058594,1000.092041015625,336.4762253555515,569.916987120796
MAX_DMSO_Actin_cells-Airyscan Processing-07.czi - DMSO_Actin_cells-Airyscan Processing-07.czi #5.tif,MAX_DMSO_Actin_cells-Airyscan Processing-07.czi - DMSO_Actin_cells-Airyscan Processing-07.czi #5_nucleus_0002,DMSO,101.94563737086526,11.393033701074376,37.9350799634479,0.46888773610855855,0.9903814480532315,0.5663213916842356,3434.100341796875,51624830.43823242,1002.4588623046875,423.191645047562,395.78207942526444
MAX_DMSO_Actin_cells-Airyscan Processing-07.czi - DMSO_Actin_cells-Airyscan Processing-07.czi #6.tif,MAX_DMSO_Actin_cells-Airyscan Processing-07.czi - DMSO_Actin_cells-Airyscan Processing-07.czi #6_nucleus_0001,DMSO,145.73350276723838,13.62180820287891,46.26167022931988,0.48968916627722714,0.9746031746031746,0.9754511666632064,3720.633544921875,79956414.8803711,2816.685791015625,267.7839925546766,482.9746393671475
MAX_DMSO_Actin_cells-Airyscan Processing-07.czi - DMSO_Actin_cells-Airyscan Processing-07.czi #6.tif,MAX_DMSO_Actin_cells-Airyscan Processing-07.czi - DMSO_Actin_cells-Airyscan Processing-07.czi #6_nucleus_0002,DMSO,169.8687068783878,14.706582030185984,50.14138209519187,0.4781944731133529,0.9803146524733876,0.7435050641108562,3050.04931640625,76400685.32666016,3879.82275390625,336.60836759950496,309.0612000479061
MAX_DMSO_Actin_cells-Airyscan Processing-07.czi - DMSO_Actin_cells-Airyscan Processing-07.czi #7.tif,MAX_DMSO_Actin_cells-Airyscan Processing-07.czi - DMSO_Actin_cells-Airyscan Processing-07.czi #7_nucleus_0001,DMSO,113.03331894482686,11.996603333994827,42.914598658719875,0.8338165249699849,0.9842338352524358,-0.9172957960070776,4060.265380859375,67676503.36816406,1422.9093017578125,268.7171226301896,458.8857091432685
MAX_DMSO_Actin_cells-Airyscan Processing-07.czi - DMSO_Actin_cells-Airyscan Processing-07.czi #7.tif,MAX_DMSO_Actin_cells-Airyscan Processing-07.czi - DMSO_Actin_cells-Airyscan Processing-07.czi #7_nucleus_0002,DMSO,138.98595343017917,13.302721979731212,45.912290465791884,0.7661777302519787,0.9864272994176253,-1.171510815126166,3766.559326171875,77195633.38989258,1126.5855712890625,467.8921688216638,496.30719687728714
MAX_DMSO_Actin_cells-Airyscan Processing-07.czi - DMSO_Actin_cells-Airyscan Processing-07.czi #8.tif,MAX_DMSO_Actin_cells-Airyscan Processing-07.czi - DMSO_Actin_cells-Airyscan Processing-07.czi #8_nucleus_0001,DMSO,141.17636391849086,13.407137253080727,45.84406982343989,0.7110133398555805,0.9866818332622399,1.5632616519840996,3299.0205078125,68679008.93164062,2707.857666015625,133.53919684888078,439.71193198193873
MAX_DMSO_Actin_cells-Airyscan Processing-07.czi - DMSO_Actin_cells-Airyscan Processing-07.czi #8.tif,MAX_DMSO_Actin_cells-Airyscan Processing-07.czi - DMSO_Actin_cells-Airyscan Processing-07.czi #8_nucleus_0002,DMSO,126.06049711215422,12.669065078061898,42.461883817559894,0.4764984929262497,0.9878308002975874,-0.5134097655579578,3473.38330078125,64566722.178222656,2404.989013671875,461.6267147237614,449.71380924202487
MAX_DMSO_Actin_cells-Airyscan Processing-07.czi - DMSO_Actin_cells-Airyscan Processing-07.czi #9.tif,MAX_DMSO_Actin_cells-Airyscan Processing-07.czi - DMSO_Actin_cells-Airyscan Processing-07.czi #9_nucleus_0004,DMSO,162.99909132216573,14.406140663872455,51.82490856225588,0.8503420905775152,0.9791827921945655,-1.2902732362786844,2887.651123046875,69407582.39355469,2230.754638671875,360.9425445165585,609.3728989848561
MAX_DMSO_Myosin-Airyscan Processing-01.czi - DMSO_Myosin-Airyscan Processing-01.czi #1.tif,MAX_DMSO_Myosin-Airyscan Processing-01.czi - DMSO_Myosin-Airyscan Processing-01.czi #1_nucleus_0002,DMSO,196.62833470153916,15.822609498986598,52.972954670479865,0.6022093876566345,0.99267349104728,-0.5732403770205886,3424.375,99289753.125,4955.28515625,374.06614933609245,408.22783238489393
MAX_DMSO_Myosin-Airyscan Processing-01.czi - DMSO_Myosin-Airyscan Processing-01.czi #2.tif,MAX_DMSO_Myosin-Airyscan Processing-01.czi - DMSO_Myosin-Airyscan Processing-01.czi #2_nucleus_0001,DMSO,190.42330189409276,15.570949817226987,52.675242445767864,0.6778415558904322,0.9900571186799239,-0.8605781903584829,3706.1298828125,104068127.109375,8248.57421875,278.6348646723647,433.567094017094
MAX_DMSO_Myosin-Airyscan Processing-01.czi - DMSO_Myosin-Airyscan Processing-01.czi #3.tif,MAX_DMSO_Myosin-Airyscan Processing-01.czi - DMSO_Myosin-Airyscan Processing-01.czi #3_nucleus_0001,DMSO,205.09159256349884,16.15953978133532,56.275215222247866,0.7920174231626598,0.9912162826521582,0.2978660524453368,3687.092529296875,111508739.36352539,5636.3662109375,298.8528585127137,466.9053995966009
MAX_DMSO_Myosin-Airyscan Processing-01.czi - DMSO_Myosin-Airyscan Processing-01.czi #4.tif,MAX_DMSO_Myosin-Airyscan Processing-01.czi - DMSO_Myosin-Airyscan Processing-01.czi #4_nucleus_0001,DMSO,156.6991181220371,14.124996064357115,46.82398847167188,0.5468786789115847,0.9926113664676318,-1.0810632953467798,3838.780517578125,88702701.41967773,2395.072021484375,333.41788202709137,412.74397368762715
MAX_DMSO_Myosin-Airyscan Processing-01.czi - DMSO_Myosin-Airyscan Processing-01.czi #5.tif,MAX_DMSO_Myosin-Airyscan Processing-01.czi - DMSO_Myosin-Airyscan Processing-01.czi #5_nucleus_0001,DMSO,164.1722833174534,14.457892075584413,49.141482083431875,0.6445362019245525,0.9848262956634937,-1.4446592140998649,3776.529052734375,91425991.83764648,4370.04833984375,345.89631955058036,421.09517121731585
MAX_DMSO_Myosin-Airyscan Processing-01.czi - DMSO_Myosin-Airyscan Processing-01.czi #6.tif,MAX_DMSO_Myosin-Airyscan Processing-01.czi - DMSO_Myosin-Airyscan Processing-01.czi #6_nucleus_0001,DMSO,157.91299885704572,14.1796006563129,48.80865542343989,0.7706106162344336,0.9900089281918286,-1.5394023936120282,3611.35107421875,84093921.11425781,3155.72265625,321.21270291162074,444.93747315983853
MAX_LatA-Airyscan Processing-09.czi - LatA-Airyscan Processing-09.czi #01.tif,MAX_LatA-Airyscan Processing-09.czi - LatA-Airyscan Processing-09.czi #01_nucleus_0001,LatA,250.8392989230982,17.87116433706917,59.715925286927835,0.442131528721776,0.9898311434611576,0.6195728501587222,4539.61328125,167915755.66015625,120.68858337402344,294.2692151720782,440.2684041201438
MAX_LatA-Airyscan Processing-09.czi - LatA-Airyscan Processing-09.czi #02.tif,MAX_LatA-Airyscan Processing-09.czi - LatA-Airyscan Processing-09.czi #02_nucleus_0001,LatA,162.714270144119,14.39354866737916,48.01684559872788,0.10119233846800442,0.9867982726711906,1.0614038608512926,3487.18017578125,83671401.13769531,156.65061950683594,297.9055180461782,638.7669834125198
MAX_LatA-Airyscan Processing-09.czi - LatA-Airyscan Processing-09.czi #02.tif,MAX_LatA-Airyscan Processing-09.czi - LatA-Airyscan Processing-09.czi #02_nucleus_0002,LatA,155.80396584817598,14.084593375190652,48.105047604607876,0.6219491723774755,0.9817536962652764,1.0011902702557243,3693.0556640625,84847953.88183594,172.72923278808594,402.01179542981504,401.01388465723613
MAX_LatA-Airyscan Processing-09.czi - LatA-Airyscan Processing-09.czi #03.tif,MAX_LatA-Airyscan Processing-09.czi - LatA-Airyscan Processing-09.czi #03_nucleus_0001,LatA,160.86293248681534,14.31143063862855,47.892109125783875,0.31187477932978047,0.9857463430851063,0.7882004556732815,3619.398193359375,85855744.54467773,148.8829803466797,273.0400067450782,503.25500611272713
MAX_LatA-Airyscan Processing-09.czi - LatA-Airyscan Processing-09.czi #03.tif,MAX_LatA-Airyscan Processing-09.czi - LatA-Airyscan Processing-09.czi #03_nucleus_0002,LatA,137.4736886038835,13.230152557361997,44.20878263519988,0.4568695851940882,0.9911019849418207,-1.006774956853599,3961.956298828125,80316778.08984375,293.4132385253906,421.07315509076557,362.8442679558011
MAX_LatA-Airyscan Processing-09.czi - LatA-Airyscan Processing-09.czi #04.tif,MAX_LatA-Airyscan Processing-09.czi - LatA-Airyscan Processing-09.czi #04_nucleus_0001,LatA,140.14558251222653,13.358102323103815,47.27126682463191,0.726475994081947,0.9909374250779189,1.5191518464100109,4603.72412109375,95140562.68652344,73.3359146118164,56.33973676570212,555.0411787477016
MAX_LatA-Airyscan Processing-09.czi - LatA-Airyscan Processing-09.czi #04.tif,MAX_LatA-Airyscan Processing-09.czi - LatA-Airyscan Processing-09.czi #04_nucleus_0002,LatA,232.17673030441787,17.193504424371888,57.474928869287844,0.23764773630269143,0.9898805909734871,1.1963389918842275,4397.419921875,150554465.86523438,64.4120101928711,500.8921634489003,274.5449367643193
MAX_LatA-Airyscan Processing-09.czi - LatA-Airyscan Processing-09.czi #05.tif,MAX_LatA-Airyscan Processing-09.czi - LatA-Airyscan Processing-09.czi #05_nucleus_0001,LatA,218.7969163928422,16.690742530441234,56.32688276106386,0.34964771063184863,0.9858225372769494,-1.0172791600866415,4481.5107421875,144591462.5859375,135.4615020751953,315.72464666501367,433.6548165137615
MAX_LatA-Airyscan Processing-09.czi - LatA-Airyscan Processing-09.czi #06.tif,MAX_LatA-Airyscan Processing-09.czi - LatA-Airyscan Processing-09.czi #06_nucleus_0001,LatA,159.26929018107774,14.240363707449609,47.639207919903875,0.35996618197388147,0.9870140785879387,-1.5275056842078223,5068.7373046875,119044364.33789062,359.2522277832031,212.59269351954356,303.1581367623265
MAX_LatA-Airyscan Processing-09.czi - LatA-Airyscan Processing-09.czi #06.tif,MAX_LatA-Airyscan Processing-09.czi - LatA-Airyscan Processing-09.czi #06_nucleus_0002,LatA,175.47697150326013,14.947381687383116,50.104847628127864,0.6051262836968597,0.9886524280747335,0.23051463834885588,5275.841796875,136517682.3359375,169.7599639892578,295.20551862729945,557.8213402380584
MAX_LatA-Airyscan Processing-09.czi - LatA-Airyscan Processing-09.czi #07.tif,MAX_LatA-Airyscan Processing-09.czi - LatA-Airyscan Processing-09.czi #07_nucleus_0001,LatA,203.2673807326758,16.087512775553005,53.66828593754387,0.5746436477020486,0.9930755723420468,0.39258083344297795,4951.06005859375,148403074.19628906,67.32701873779297,321.04900914125574,363.91202375392004
MAX_LatA-Airyscan Processing-09.czi - LatA-Airyscan Processing-09.czi #08.tif,MAX_LatA-Airyscan Processing-09.czi - LatA-Airyscan Processing-09.czi #08_nucleus_0001,LatA,176.5484416492454,14.992946924110273,50.51559151402388,0.519156978988607,0.9840489869972785,-1.533226462700016,5057.3974609375,131664285.49804688,104.9784164428711,300.5275793193516,426.75578090189754
MAX_LatA-Airyscan Processing-09.czi - LatA-Airyscan Processing-09.czi #09.tif,MAX_LatA-Airyscan Processing-09.czi - LatA-Airyscan Processing-09.czi #09_nucleus_0001,LatA,234.58414740457468,17.282413403326718,60.22657599046384,0.6319785979056703,0.9756868054380324,-0.5018040884352989,4033.988525390625,139543731.0703125,168.56695556640625,212.73944842738206,414.3515841813136
MAX_LatA-Airyscan Processing-09.czi - LatA-Airyscan Processing-09.czi #09.tif,MAX_LatA-Airyscan Processing-09.czi - LatA-Airyscan Processing-09.czi #09_nucleus_0002,LatA,9.751734619790078,3.5236762262840844,12.396835101151972,0.5454202168424738,0.9542136695421367,0.4038450856353436,1167.4840087890625,1678842.0046386719,131.63282775878906,237.1856745479833,538.6036161335188
MAX_LatA-Airyscan Processing-09.czi - LatA-Airyscan Processing-09.czi #09.tif,MAX_LatA-Airyscan Processing-09.czi - LatA-Airyscan Processing-09.czi #09_nucleus_0003,LatA,214.88401592300988,16.540823032868605,57.42810962224787,0.6348914461327424,0.9778127507251744,0.554160651928232,4064.7431640625,128799516.63964844,711.1956176757812,426.1704168902073,349.3261589926468
MAX_LatA-Airyscan Processing-09.czi - LatA-Airyscan Processing-09.czi #09.tif,MAX_LatA-Airyscan Processing-09.czi - LatA-Airyscan Processing-09.czi #09_nucleus_0004,LatA,8.741297583386238,3.336130356485681,10.868727168215978,0.18502409956769966,0.9817212490479817,-1.2506557420515665,1144.2249755859375,1474905.9935302734,192.43211364746094,393.32505818463926,576.9278510473235
MAX_LatA-Airyscan Processing-09.czi - LatA-Airyscan Processing-09.czi #10.tif,MAX_LatA-Airyscan Processing-09.czi - LatA-Airyscan Processing-09.czi #10_nucleus_0001,LatA,194.49217586618877,15.736426832493372,53.234132428127865,0.5492672343051771,0.9834041969551501,0.7300842066939203,4829.447265625,138508547.578125,440.79730224609375,346.7162831241283,392.054009762901
MAX_Noco_cells-Airyscan Processing-06.czi - Noco_cells-Airyscan Processing-06.czi #1.tif,MAX_Noco_cells-Airyscan Processing-06.czi - Noco_cells-Airyscan Processing-06.czi #1_nucleus_0001,Noco,166.80348848607548,14.573290559796291,48.50266664695988,0.5397257721996631,0.9917745252207573,-0.3667000141379434,3925.573974609375,96557343.0534668,6315.07763671875,361.3115014026101,477.18713664268
MAX_Noco_cells-Airyscan Processing-06.czi - Noco_cells-Airyscan Processing-06.czi #1.tif,MAX_Noco_cells-Airyscan Processing-06.czi - Noco_cells-Airyscan Processing-06.czi #1_nucleus_0002,Noco,174.28343513811197,14.896461378801677,50.61065003988786,0.6939090963856868,0.9916271173361114,-0.4349727955992557,3711.699951171875,95390688.74511719,4937.90771484375,534.4436575875486,659.6743579766537
MAX_Noco_cells-Airyscan Processing-06.czi - Noco_cells-Airyscan Processing-06.czi #2.tif,MAX_Noco_cells-Airyscan Processing-06.czi - Noco_cells-Airyscan Processing-06.czi #2_nucleus_0001,Noco,159.81180671069052,14.264596454846643,49.056708337543874,0.7183495966863954,0.9857363951980591,0.9182776968177109,4178.6748046875,98474650.44726562,3048.81396484375,275.5853348043792,607.2038105745565
MAX_Noco_cells-Airyscan Processing-06.czi - Noco_cells-Airyscan Processing-06.czi #2.tif,MAX_Noco_cells-Airyscan Processing-06.czi - Noco_cells-Airyscan Processing-06.czi #2_nucleus_0002,Noco,211.69673131153468,16.41769319353424,56.07055329519187,0.7426218754944169,0.9913305811368689,-1.467474674773991,3942.48779296875,123072641.43310547,3808.40966796875,537.9385911522568,532.7627254380626
MAX_Noco_cells-Airyscan Processing-06.czi - Noco_cells-Airyscan Processing-06.czi #3.tif,MAX_Noco_cells-Airyscan Processing-06.czi - Noco_cells-Airyscan Processing-06.czi #3_nucleus_0001,Noco,206.4207580610502,16.211818899109957,54.64335629399986,0.5484070221316081,0.9854636104636104,-0.2839012281215432,4662.2802734375,141915149.24316406,3434.73046875,291.1703078287723,463.60018397450636
MAX_Noco_cells-Airyscan Processing-06.czi - Noco_cells-Airyscan Processing-06.czi #3.tif,MAX_Noco_cells-Airyscan Processing-06.czi - Noco_cells-Airyscan Processing-06.czi #3_nucleus_0002,Noco,228.68428014503547,17.063700323785383,57.70784871163984,0.4256480904974808,0.9843252867859541,0.5504056654044555,3958.298583984375,133481744.8491211,5073.6572265625,442.5817270624518,772.7004922602455
MAX_Noco_cells-Airyscan Processing-06.czi - Noco_cells-Airyscan Processing-06.czi #4.tif,MAX_Noco_cells-Airyscan Processing-06.czi - Noco_cells-Airyscan Processing-06.czi #4_nucleus_0001,Noco,210.00814861311486,16.35208486801719,55.78939417401587,0.7459316144305852,0.9925959165357864,-0.27054483373253163,3825.5810546875,118470594.1015625,4098.40380859375,424.17631103074143,484.3773249806252
MAX_Noco_cells-Airyscan Processing-06.czi - Noco_cells-Airyscan Processing-06.czi #5.tif,MAX_Noco_cells-Airyscan Processing-06.czi - Noco_cells-Airyscan Processing-06.czi #5_nucleus_0001,Noco,2.2243177714124798,1.6828812633752739,9.578889426459988,0.9869504934122401,0.8586387434554974,0.03792207079681805,3150.16455078125,1033253.97265625,2820.506103515625,139.9908536585366,3.4451219512195124
MAX_Noco_cells-Airyscan Processing-06.czi - Noco_cells-Airyscan Processing-06.czi #5.tif,MAX_Noco_cells-Airyscan Processing-06.czi - Noco_cells-Airyscan Processing-06.czi #5_nucleus_0005,Noco,3.9332448396927995,2.2378478207917505,12.520567459991991,0.989322462028454,0.9634551495016611,-0.006789202411521232,2681.738037109375,1555408.0615234375,3149.894775390625,198.97241379310344,4.822413793103448
MAX_Noco_cells-Airyscan Processing-06.czi - Noco_cells-Airyscan Processing-06.czi #5.tif,MAX_Noco_cells-Airyscan Processing-06.czi - Noco_cells-Airyscan Processing-06.czi #5_nucleus_0007,Noco,1.7970860043423997,1.5126536173291127,5.333746750575985,0.8346515634088747,0.9397163120567376,0.8560334155049751,1109.2037353515625,293938.98986816406,24.249055862426758,186.6867924528302,858.9584905660378
MAX_Noco_cells-Airyscan Processing-06.czi - Noco_cells-Airyscan Processing-06.czi #5.tif,MAX_Noco_cells-Airyscan Processing-06.czi - Noco_cells-Airyscan Processing-06.czi #5_nucleus_0009,Noco,6.1779069809657585,2.8046310758923405,10.195801410567974,0.7834982860404347,0.9192734611503531,-1.031385227091492,416.2689208984375,379220.98693847656,34.91657638549805,212.01646542261253,898.032930845225
MAX_Noco_cells-Airyscan Processing-06.czi - Noco_cells-Airyscan Processing-06.czi #5.tif,MAX_Noco_cells-Airyscan Processing-06.czi - Noco_cells-Airyscan Processing-06.czi #5_nucleus_0011,Noco,2.2514435978931195,1.6931116388408454,5.478464587047987,0.6825238162563749,0.9651162790697675,-1.1162679187325308,937.7017822265625,311316.99169921875,14.75903606414795,208.70180722891567,782.6716867469879
MAX_Noco_cells-Airyscan Processing-06.czi - Noco_cells-Airyscan Processing-06.czi #5.tif,MAX_Noco_cells-Airyscan Processing-06.czi - Noco_cells-Airyscan Processing-06.czi #5_nucleus_0012,Noco,1.6614568719391998,1.4544526775474595,4.839649150575985,0.8222488210969877,0.9683794466403162,-0.7272733033173497,563.63671875,138090.99609375,16.7387752532959,242.08979591836734,867.6081632653061
MAX_Noco_cells-Airyscan Processing-06.czi - Noco_cells-Airyscan Processing-06.czi #5.tif,MAX_Noco_cells-Airyscan Processing-06.czi - Noco_cells-Airyscan Processing-06.czi #5_nucleus_0013,Noco,170.58754128012478,14.73766614484793,50.094562848151895,0.7505223322260941,0.9913691179947979,-0.06795375470375724,4454.609375,112055698.828125,3091.020263671875,374.7379447425959,245.45374677002584
MAX_Noco_cells-Airyscan Processing-06.czi - Noco_cells-Airyscan Processing-06.czi #6.tif,MAX_Noco_cells-Airyscan Processing-06.czi - Noco_cells-Airyscan Processing-06.czi #6_nucleus_0001,Noco,169.36009763187582,14.684548804955236,50.12140073166387,0.6965201684811498,0.988912647501386,0.0036587901099242705,2995.4794921875,74809104.83789062,5645.44287109375,248.826899975975,267.607151437495
MAX_Noco_cells-Airyscan Processing-06.czi - Noco_cells-Airyscan Processing-06.czi #6.tif,MAX_Noco_cells-Airyscan Processing-06.czi - Noco_cells-Airyscan Processing-06.czi #6_nucleus_0002,Noco,150.61615153375357,13.848120457614408,48.69077547047986,0.8023986060460057,0.983613817537644,-0.6995604794903223,3196.7431640625,70999665.67382812,5529.5068359375,345.656280954525,422.27307519135525
MAX_Noco_cells-Airyscan Processing-06.czi - Noco_cells-Airyscan Processing-06.czi #6.tif,MAX_Noco_cells-Airyscan Processing-06.czi - Noco_cells-Airyscan Processing-06.czi #6_nucleus_0003,Noco,182.29911686314108,15.235171300659799,52.68836728931188,0.7426893118010557,0.9897279187069695,1.5599871064680544,4263.7763671875,114618836.30273438,3707.947265625,568.196451156908,837.4359050665873
MAX_Noco_cells-Airyscan Processing-06.czi - Noco_cells-Airyscan Processing-06.czi #7.tif,MAX_Noco_cells-Airyscan Processing-06.czi - Noco_cells-Airyscan Processing-06.czi #7_nucleus_0002,Noco,194.3158579940646,15.729292246225999,56.897477555183855,0.8579588581321713,0.9883416114790287,-0.4214289416406654,4108.55615234375,117726567.98925781,2549.590087890625,289.81691910379004,481.1094088085433
MAX_Noco_cells-Airyscan Processing-06.czi - Noco_cells-Airyscan Processing-06.czi #7.tif,MAX_Noco_cells-Airyscan Processing-06.czi - Noco_cells-Airyscan Processing-06.czi #7_nucleus_0003,Noco,209.92677113367293,16.34891637100026,56.09538295049588,0.7676664990823642,0.9903067916440065,-0.15769274058975283,3971.096923828125,122929276.37402344,2733.98974609375,572.2921243054658,616.2895076883318
